id,first_name,last_name,birth_date,average_mark,count_of_lessons_absent,count_of_lessons_sick,gender,city
0,Étienne,Paul,1997-02-20,16,4,2,Male,Roger-la-Forêt
1,Anaïs,Meunier,1998-01-15,90,6,0,Female,Laurent
2,Christophe,Maillot,2000-12-23,87,5,1,Male,Clément
3,François,Lacroix,1998-04-17,78,5,2,Male,Sainte Benjamindan
4,Véronique,Bonneau,2008-07-12,85,8,5,Female,Lebon-sur-Hoareau
5,Victor,Dumas,2001-09-09,60,10,5,Male,Marques
6,Aimé,Tanguy,1994-04-11,97,1,0,Male,Alves
7,Noémi,Daniel,1994-03-24,59,10,0,Female,Saint Louise
8,Dorothée,Arnaud,2002-05-12,48,4,4,Female,CoulonVille
9,Laurence,Daniel,2007-04-11,12,7,4,Female,Clément-sur-Pineau
10,Nathalie,Leroy,1999-04-27,100,3,2,Female,Sainte Alexandrie
11,Grégoire,Lebrun,2007-04-23,87,8,7,Male,Vincentnec
12,Lucy,Klein,1993-07-27,40,10,2,Female,Didier-la-Forêt
13,Madeleine,Richard,1997-03-24,62,7,3,Female,Martin-sur-Launay
14,Margot,Chevallier,1998-07-04,41,2,1,Female,Roger
15,Frédéric,Masse,2004-05-30,76,7,0,Male,Ribeiro-sur-Germain
16,Monique,Marchand,2001-10-10,11,4,1,Female,Sainte Alice
17,Michèle,Leleu,1995-03-30,50,5,4,Female,BergerBourg
18,Madeleine,Coulon,1993-03-28,43,8,3,Female,Sainte Christophe
19,Timothée,Lagarde,1994-01-08,68,1,0,Male,Blin
20,Joséphine,Dias,2006-02-27,3,6,3,Female,Parent
21,Auguste,Pineau,2006-02-07,56,7,4,Male,Roux
22,Josette,Auger,2000-08-02,28,10,0,Female,Giraud
23,Pénélope,Godard,1996-04-11,3,1,1,Female,Sainte Éric-sur-Mer
24,Gabrielle,Baron,1998-04-13,51,8,0,Female,Regnier
25,Aimé,Delaunay,1999-10-01,86,5,5,Male,Voisindan
26,Édith,Jacquot,2005-12-17,14,3,3,Female,Malletboeuf
27,Luce,Fischer,2003-08-10,10,8,6,Female,Launay
28,Danielle,Merle,1996-03-20,8,3,1,Female,Chauveau-sur-Paul
29,Bernadette,Gérard,1995-09-30,53,3,0,Female,Descamps
30,Audrey,Hernandez,1996-07-07,89,4,4,Female,Bourdon
31,Bernadette,Pasquier,1997-06-05,63,6,0,Female,Legros
32,Valentine,Bourdon,1998-08-14,62,0,0,Female,Berthelot
33,Auguste,Adam,1993-11-01,26,0,0,Male,Laportedan
34,Eugène,Gomez,2005-01-31,6,4,3,Male,Rémynec
35,Noël,Pereira,2001-05-22,2,8,7,Male,LacroixBourg
36,Claire,Verdier,1995-03-15,34,5,0,Female,Saint Valentine
37,Geneviève,Carpentier,2004-11-22,70,5,0,Female,Léger
38,Frédéric,Marie,1995-09-14,20,8,4,Male,Philippenec
39,Gilles,Carpentier,1996-05-18,81,7,7,Male,Rivière
40,Alex,Vallet,1996-09-22,6,6,2,Female,Humbert
41,Mathilde,Grondin,1996-06-17,26,0,0,Female,Saint Claudine
42,Philippe,Boutin,2001-09-28,50,4,2,Male,Lelièvre
43,Laurence,Rossi,2003-10-23,74,0,0,Female,Lebon-la-Forêt
44,Michelle,Lebrun,2002-05-30,1,6,0,Female,LemaireBourg
45,Sylvie,Morin,2003-11-08,61,9,3,Female,Tanguy-sur-Lopes
46,Diane,Michel,2004-06-03,47,8,4,Female,Guibertboeuf
47,Constance,Bonneau,1997-10-08,93,5,1,Female,Hoaraudan
48,Dorothée,Vallet,1999-08-02,31,7,1,Female,BouchetBourg
49,Frédéric,Joubert,2000-10-21,69,10,7,Male,Sainte Alfred-sur-Mer
50,Arthur,Techer,2002-12-16,70,8,5,Male,Lagarde
51,Célina,Nicolas,1994-05-24,20,3,0,Female,Saint Clémence
52,Jacques,Robert,2005-01-11,99,8,3,Male,Lucas-les-Bains
53,Cécile,Langlois,2006-03-21,60,7,3,Female,Daviddan
54,Aimé,Collet,1994-04-28,26,4,4,Male,Saint Denis-la-Forêt
55,Benjamin,Didier,1996-06-11,74,1,0,Male,Bouvet-sur-Hernandez
56,Julien,Lopes,2003-07-04,44,0,0,Male,Saint Susandan
57,Louis,Merle,2007-05-27,31,1,0,Male,Allard
58,Françoise,Maillet,1994-11-03,79,2,1,Female,De Sousa
59,Audrey,Navarro,2007-09-25,92,7,4,Female,Saint FrédéricBourg
60,Patrick,Garnier,2006-10-30,43,3,0,Male,Delahayedan
61,Sébastien,Leclercq,1998-04-17,2,1,1,Male,Diasboeuf
62,Maryse,Pons,1999-06-01,91,3,2,Female,De Oliveira
63,Patrick,Michel,2007-04-01,11,2,2,Male,Fournier
64,Julien,Duval,2002-03-29,27,6,6,Male,Lemoineboeuf
65,Timothée,Marie,1995-05-02,77,5,4,Male,Leblanc
66,Pauline,De Sousa,1997-02-16,89,8,8,Female,Rodrigues
67,Marcelle,Texier,1998-07-13,30,6,5,Female,Delaunaydan
68,Joseph,Launay,2002-12-11,78,5,5,Male,Guillou
69,Luce,Dumas,1994-12-19,52,2,1,Female,Aubert
70,Céline,Leroy,2002-05-19,83,6,1,Female,AubryBourg
71,Thibaut,Barbe,2006-05-14,99,4,4,Male,Sainte François
72,Astrid,Jacquot,1997-06-22,22,8,5,Female,Barredan
73,Grégoire,Boulay,1998-08-03,21,4,3,Male,Blondel-la-Forêt
74,Simone,Léger,2004-02-18,36,3,3,Female,Lombard-les-Bains
75,Thibaut,Hernandez,2000-09-21,39,6,1,Male,Potier
76,Arthur,Besson,2007-08-06,20,5,3,Male,Sainte Sophie-la-Forêt
77,Thierry,Courtois,1995-08-13,47,1,1,Male,Voisin
78,Dorothée,Sauvage,1998-08-20,94,5,2,Female,Josephboeuf
79,Christophe,Bernier,2007-04-17,13,2,1,Male,Guilbert
80,René,Legros,2004-01-19,9,2,2,Male,Pineau-sur-Perret
81,Astrid,Bourdon,2005-01-15,98,2,0,Female,Gay
82,Jeanne,Pottier,1998-10-03,75,1,0,Female,Rolland
83,Marcel,Antoine,2004-06-18,39,7,2,Male,Rousseldan
84,Frédéric,Goncalves,1997-01-16,55,5,0,Male,Sainte Sébastien
85,Lucie,Tessier,2007-09-10,69,3,1,Female,FleuryBourg
86,Pauline,Lévy,1994-02-18,45,3,0,Female,Pires
87,Sophie,Lopes,1998-04-05,14,9,6,Female,Reynaud-sur-Maillard
88,Gabriel,Robert,2007-11-11,51,7,0,Male,GiraudBourg
89,Bernard,Morin,1995-11-01,23,3,2,Male,Saint David-sur-Mer
90,René,Breton,2001-12-23,54,5,2,Male,Guillou
91,Monique,Fontaine,2002-02-28,21,4,1,Female,Maurice
92,Gilles,Legendre,2002-08-23,9,4,4,Male,Mathieu
93,Victoire,Gilles,1999-12-28,22,4,2,Female,Gonzaleznec
94,Georges,Dias,2004-04-11,68,5,3,Male,Perret-la-Forêt
95,Thibault,Louis,2001-11-30,76,7,1,Male,Loiseau-sur-Mer
96,Julie,Maillard,2000-06-08,38,10,0,Female,Sainte Denise
97,Jeannine,Descamps,2001-12-18,23,2,1,Female,Nicolasboeuf
98,Marianne,Lacombe,1995-03-24,83,9,4,Female,Adam
99,Lorraine,Ferreira,2003-01-06,89,1,0,Female,Ledoux
100,Frédéric,Berthelot,2001-09-23,34,7,6,Male,Moreau
101,Éric,Lejeune,2001-07-13,60,1,0,Male,Perezdan
102,Pénélope,Marchand,1993-09-14,89,3,3,Female,Boulay-sur-Mer
103,Édouard,Dos Santos,2001-01-29,86,5,0,Male,Legendre-la-Forêt
104,Benjamin,Lombard,2002-09-13,92,2,1,Male,Normandnec
105,Nath,Blanc,2004-08-24,60,1,0,Female,Sainte Eugène
106,Grégoire,Blanchet,1999-11-07,16,8,8,Male,Sainte Cécileboeuf
107,Benjamin,Brun,2002-04-28,88,1,1,Male,Guyot
108,Roland,Gomez,2003-01-25,66,4,4,Male,Saint Benoît
109,Cécile,Dupré,1994-07-15,1,0,0,Female,Saint JeannineVille
110,François,Martin,2008-05-16,26,5,3,Male,Sainte Marine-les-Bains
111,Diane,François,1999-01-13,72,1,1,Female,Pascal
112,Lorraine,Hoarau,1994-01-07,21,9,9,Female,Guyon
113,Susanne,Devaux,2006-11-29,100,3,3,Female,Bousquet
114,Tristan,Rey,2008-02-27,82,7,5,Male,Hebert-sur-Lebreton
115,Susan,Blondel,2005-10-31,37,5,1,Female,Ollivier
116,Roland,Andre,2002-12-01,11,3,1,Male,Saint Matthieu
117,Mathilde,Weiss,2003-03-13,57,2,2,Female,Regnier-sur-Mer
118,Zoé,Baron,1999-12-04,96,7,1,Female,Teixeira
119,Émile,Masson,2008-05-29,8,9,7,Male,BlotBourg
120,Pauline,Faure,1998-04-05,93,1,0,Female,Pascal
121,Sabine,Fleury,1994-11-30,5,3,1,Female,Saint Jeannine
122,Thibault,Meunier,1993-05-06,13,4,1,Male,Duhamel
123,Xavier,Langlois,1997-08-16,76,5,1,Male,Peron
124,Adrienne,Antoine,2008-07-08,93,2,1,Female,FontaineVille
125,Catherine,Boucher,1996-08-06,88,5,2,Female,Saint Diane-sur-Mer
126,Jean,Aubert,1999-09-22,48,2,0,Male,Saint Henriette-sur-Mer
127,Alexandre,Clément,1995-11-22,93,6,0,Male,Hernandeznec
128,Émile,Lejeune,2006-12-28,56,5,1,Male,Pascal
129,Anouk,Raymond,1995-05-24,92,6,6,Female,Léger-sur-Pages
130,Capucine,Muller,1994-02-08,34,2,2,Female,Raymond-sur-Teixeira
131,Gabriel,Guillet,1994-05-09,39,3,0,Male,Chauvet-sur-Muller
132,Xavier,Lenoir,2006-11-06,95,0,0,Male,Joseph
133,Suzanne,Bernier,2004-08-16,31,5,1,Female,Valletboeuf
134,Vincent,Gautier,1994-11-19,38,6,4,Male,Saint Adélaïde
135,Yves,Lecoq,1993-08-01,34,3,3,Male,Weiss-sur-Maillard
136,Philippine,Laroche,2008-05-01,44,2,2,Female,Michaud
137,Nath,Cohen,1993-07-05,17,10,6,Female,Benard-sur-Lecomte
138,Claudine,Mendès,2003-03-11,15,3,3,Female,Chauvetboeuf
139,Sylvie,Gomez,2003-02-15,96,4,2,Female,Langlois-la-Forêt
140,Élodie,Breton,1995-10-02,2,1,0,Female,Sainte Yves
141,Jean,De Sousa,2001-08-22,55,7,4,Male,Jacques
142,Émile,Guichard,1995-04-14,52,9,3,Male,Renardnec
143,Grégoire,Martins,1998-01-06,68,1,0,Male,Raynaud-la-Forêt
144,Pauline,Lacombe,2007-05-05,73,10,7,Female,Imbert
145,Bertrand,Samson,1997-11-19,33,2,2,Male,Beckerdan
146,Guillaume,Lopez,2008-10-07,11,5,0,Male,Marin-sur-Mer
147,Claude,Moreno,1998-07-18,70,1,0,Female,Sainte Hortense
148,Geneviève,Riou,2006-07-17,87,6,6,Female,Saint Susandan
149,Honoré,Picard,1996-07-04,72,8,7,Male,Chauvin
150,Aimée,Hernandez,1994-09-19,34,1,1,Female,Texier-sur-Carpentier
151,Maurice,Jacquet,1994-12-17,81,10,0,Male,Jean
152,Hortense,Jean,1996-07-30,47,4,4,Female,Blot-la-Forêt
153,Hugues,Raynaud,2005-12-21,76,8,2,Male,LeclercqBourg
154,Thibault,Normand,2006-03-04,69,4,2,Male,Maillot
155,Grégoire,Aubert,2004-05-06,32,8,6,Male,Goncalves
156,Christelle,Lebon,1999-01-26,70,6,4,Female,Legrand
157,Laurence,Gaillard,1993-07-20,39,2,0,Female,Barbeboeuf
158,Manon,Lecoq,2001-06-05,60,1,0,Female,Le Gallboeuf
159,Pauline,Martinez,1998-09-07,88,8,1,Female,MaréchalBourg
160,Céline,Moulin,1993-12-18,62,1,0,Female,Bonninnec
161,Anastasie,De Oliveira,1993-12-08,35,2,1,Female,Monnier
162,Xavier,Launay,2003-08-29,53,9,4,Male,Perez-sur-Clément
163,Augustin,Rivière,2004-11-08,53,3,0,Male,Hernandez
164,Françoise,Evrard,2002-06-04,72,9,7,Female,Briand
165,Stéphanie,Humbert,2003-09-01,91,8,0,Female,Julien-sur-Bertin
166,Georges,Charpentier,2002-10-12,74,3,2,Male,Bouchet
167,Gilbert,Clément,2007-12-20,38,8,6,Male,Picard-sur-Lacombe
168,Catherine,Boulanger,2000-05-07,77,2,2,Female,Sauvage
169,Éric,Blot,2007-07-07,58,4,0,Male,Ferreira
170,Élise,Roy,1997-09-27,11,4,2,Female,Ribeiro
171,Édouard,Meyer,1996-09-03,86,9,7,Male,Fischer
172,Thomas,Marty,1999-07-02,40,0,0,Male,JoubertBourg
173,Alexandre,Bigot,2005-03-29,86,1,0,Male,Didierdan
174,Jules,Cousin,1999-01-20,13,1,1,Male,Collet
175,Denis,Peron,2008-05-17,74,8,2,Male,Garnier
176,Agnès,Toussaint,2000-07-22,64,4,2,Female,Weiss
177,Margaux,Paul,1994-03-01,74,7,5,Female,Leclercq
178,Luc,Delannoy,2006-12-07,46,10,1,Male,Saint Margaret
179,Marie,Rousset,2006-01-11,3,7,4,Female,DelormeBourg
180,Richard,Olivier,1997-10-08,35,5,5,Male,Saint Martin-la-Forêt
181,Sabine,Barthelemy,2002-01-19,3,3,3,Female,Riou-sur-Menard
182,Éric,Aubert,1993-08-06,2,7,7,Male,Saint XavierBourg
183,Maurice,Navarro,2006-09-07,62,1,1,Male,Sainte JoséphineVille
184,Laurence,Martinez,1994-08-04,15,2,1,Female,Petit
185,Paulette,Costa,1994-09-05,85,0,0,Female,Boyer-sur-Parent
186,Georges,Hebert,2006-06-25,8,8,5,Male,Gay
187,Thomas,Caron,1999-04-23,89,2,2,Male,Sainte Augustin
188,Georges,Berthelot,2005-01-19,44,7,0,Male,Leblancdan
189,Pauline,Leroux,2005-11-19,40,0,0,Female,BlondelBourg
190,Étienne,Vidal,2003-10-20,10,4,4,Male,Techer
191,Marthe,Diallo,1997-06-18,32,4,2,Female,Dumont-sur-Normand
192,Gabrielle,Daniel,2002-11-10,48,5,3,Female,Bourgeois
193,Mathilde,Maillot,1998-06-10,40,3,2,Female,Bodin
194,Corinne,Blanchet,1996-04-22,65,10,3,Female,Payet
195,Isaac,Berger,2006-04-10,77,2,0,Male,Guillon
196,Nicolas,Nicolas,2004-05-28,29,6,2,Male,Daniel
197,Noémi,Ferreira,1996-12-08,49,9,9,Female,Tanguyboeuf
198,François,Leclerc,1993-07-11,50,2,2,Male,Vasseur
199,Auguste,Leroy,1997-04-26,81,8,2,Male,Gauthier
200,Christine,Schneider,2000-02-12,49,5,0,Female,Boucher-sur-Pascal
201,Charles,Bonnin,1999-11-26,79,4,3,Male,Foucher
202,François,Mathieu,2006-12-12,43,7,4,Male,Sainte Paulette
203,Robert,Morel,1993-08-10,92,7,1,Male,Bourgeois-sur-Mer
204,Xavier,Potier,1994-04-25,4,4,2,Male,Chauvin-les-Bains
205,Thomas,Delorme,1994-07-16,28,8,8,Male,Sanchez
206,Louise,Turpin,1994-05-29,92,9,7,Female,Sainte LucyVille
207,Juliette,Gay,2007-09-26,7,1,1,Female,Renaud-sur-David
208,Michel,Reynaud,2006-02-13,69,6,3,Male,Marin-sur-Lacroix
209,Matthieu,Legendre,2005-08-06,36,4,0,Male,Sainte Émilie
210,Auguste,Thierry,1997-10-09,56,10,5,Male,Bouchet
211,Anastasie,Guyon,2004-06-02,96,1,1,Female,Leclerc-les-Bains
212,Marianne,Martins,2006-08-06,32,2,2,Female,Normand
213,Louise,Guillon,1996-09-17,28,4,0,Female,Martineau-la-Forêt
214,Raymond,Baron,2005-02-27,33,9,6,Male,Sainte Manonnec
215,Thibaut,Labbé,2009-01-20,92,0,0,Male,Saint Luc
216,Lorraine,Hoarau,2008-06-26,94,9,2,Female,Gros
217,Clémence,Mendès,1996-10-06,8,0,0,Female,Gomes
218,Robert,Martin,1995-05-16,58,8,6,Male,Clément-sur-Mer
219,Aimée,Giraud,1997-12-13,82,10,4,Female,Benard
220,Christiane,Reynaud,1993-11-07,15,6,2,Female,Normand-les-Bains
221,Alexandrie,Muller,2004-01-24,50,7,4,Female,Clerc
222,Michelle,Sauvage,2006-05-01,38,10,10,Female,Wagner
223,Hortense,Hubert,1999-02-08,34,6,1,Female,Morin-sur-Hoareau
224,Charlotte,Cohen,1995-08-04,34,3,1,Female,Vincent-sur-Bruneau
225,Roland,Jourdan,2004-02-18,85,7,7,Male,Sainte Marguerite
226,Michel,Gimenez,1998-11-29,4,10,2,Male,Moulin
227,Maggie,Fontaine,1994-04-13,70,8,3,Female,Saint Arnaude
228,Audrey,Bouchet,2000-06-05,75,2,0,Female,Lebrun-sur-Bazin
229,Tristan,Noël,2001-05-26,70,10,3,Male,Carlier
230,Claire,Camus,1993-12-28,14,5,4,Female,Saint Maryse-sur-Mer
231,Charles,Berthelot,1999-12-13,24,10,2,Male,Bodin
232,Paul,Evrard,2007-02-08,70,5,1,Male,Leclerc
233,Alphonse,Picard,1994-02-28,16,3,2,Male,Marchand-la-Forêt
234,Laurence,Auger,1997-12-02,37,9,4,Female,Durand
235,Claude,Blanc,1995-05-03,39,3,3,Female,Le Goff
236,Denis,Bonnin,1998-12-07,95,6,1,Male,Evrard
237,Georges,Schmitt,1996-02-19,94,0,0,Male,Launay
238,Margaux,Hoareau,1996-03-16,30,6,1,Female,Goncalves-sur-Perrot
239,Alexandrie,Gautier,2002-01-21,33,7,3,Female,Teixeira
240,Bertrand,Morin,1995-03-02,2,7,4,Male,Saint Michèle
241,Anouk,Bourgeois,2008-06-18,59,3,2,Female,Maréchal
242,Emmanuel,Fouquet,1993-12-26,38,9,7,Male,Barbe-sur-Mer
243,Julie,Andre,2006-06-12,6,10,3,Female,Saint ArthurBourg
244,Agathe,Chrétien,2003-09-06,9,9,6,Female,Godard
245,Denise,Letellier,2000-11-06,93,9,5,Female,JacquotBourg
246,Agnès,Leclercq,1997-12-16,58,4,4,Female,De Sousa-sur-Lambert
247,François,Leduc,2006-01-26,20,5,3,Male,Saint Gilbertnec
248,Jérôme,Germain,1993-08-08,76,4,3,Male,Vaillant-sur-Gillet
249,Monique,Regnier,1993-03-18,23,7,3,Female,Lefebvre-les-Bains
250,Aimé,Fouquet,1999-06-11,38,10,10,Male,Raymond-sur-Nicolas
251,Richard,Bruneau,1997-07-28,48,4,3,Male,Sainte ÉmilieVille
252,Laurent,Texier,2007-08-25,94,2,0,Male,Bouvet
253,Roland,Hoarau,1998-03-27,76,2,0,Male,Saint Benjamin-sur-Mer
254,Jean,Charles,2004-06-11,33,1,0,Male,Étienne-sur-Mer
255,Suzanne,Reynaud,1995-08-21,19,0,0,Female,Cousin-sur-Martin
256,Nathalie,Mahe,2001-12-31,5,7,6,Female,Sainte Luc-les-Bains
257,Philippe,Camus,1993-06-19,33,2,2,Male,Sainte MargotVille
258,Laurent,Rémy,1995-06-07,20,8,5,Male,Barre-la-Forêt
259,Élise,Albert,2006-01-05,19,10,5,Female,Sainte René-la-Forêt
260,Philippe,Millet,1997-02-25,39,9,8,Male,Barbiernec
261,Luce,Blanc,1993-05-25,64,7,3,Female,Boyer-la-Forêt
262,Corinne,Benoit,1999-01-26,54,9,9,Female,Hubert
263,Honoré,Tessier,2002-03-30,100,1,0,Male,Da Costanec
264,Aurélie,Nguyen,2006-01-19,35,0,0,Female,Dupuyboeuf
265,Laure,Denis,1999-01-23,55,5,1,Female,Vaillant
266,Benoît,Delaunay,2008-07-11,11,6,0,Male,Schmitt-les-Bains
267,Virginie,Renard,2000-10-20,41,2,0,Female,Da Costa
268,Adélaïde,Bègue,2004-07-02,86,9,6,Female,De Sousa-sur-Mer
269,Michel,Mercier,1999-12-26,76,1,1,Male,Sainte Adrien
270,Virginie,Lopez,2005-06-27,31,5,0,Female,Maury-sur-Vallée
271,Eugène,Maillard,2005-11-04,88,4,1,Male,Chevalier
272,Sébastien,Leconte,1998-10-30,1,9,7,Male,Sainte Julien
273,Aimé,Marty,2007-04-14,81,7,5,Male,Lebrun
274,Éric,Louis,2005-09-06,4,5,4,Male,Lecoq
275,Hugues,Pottier,2004-10-13,62,2,0,Male,Julien
276,Charles,Lemaire,1998-04-18,86,6,1,Male,Mary
277,Hélène,Leclercq,2000-09-01,6,9,5,Female,Bertrand-les-Bains
278,Gérard,Salmon,1998-03-29,44,6,1,Male,Meyerboeuf
279,Anastasie,Wagner,1998-06-14,17,10,1,Female,Giraud
280,Victor,Camus,2009-01-26,20,4,4,Male,Saint Josephnec
281,Marie,Daniel,1999-02-03,30,0,0,Female,Ribeirodan
282,Zacharie,Marin,1996-05-21,85,2,0,Male,Saint Jeanninedan
283,Raymond,Roy,1999-11-10,72,6,4,Male,Nguyen
284,Hortense,Mathieu,2008-12-30,44,5,0,Female,Dias
285,Charles,Petit,2000-04-21,37,10,10,Male,Guillon-la-Forêt
286,Thierry,Weber,1999-08-23,15,1,1,Male,HubertBourg
287,Eugène,Bruneau,2000-09-16,47,8,5,Male,Ollivier
288,Josette,Valette,2000-02-13,28,4,4,Female,Saint Martheboeuf
289,Sabine,Tessier,1995-07-12,73,7,3,Female,Marin
290,Laurence,Joseph,1993-04-20,98,3,2,Female,Loiseau-sur-Étienne
291,Jules,Moreau,1997-04-15,73,7,7,Male,Blanc
292,Lorraine,Hamon,1995-10-22,61,5,4,Female,Malletboeuf
293,Julien,Guillou,2008-06-13,33,8,7,Male,Roche-les-Bains
294,Astrid,Briand,2004-01-30,40,2,1,Female,Courtois
295,Jean,Lacroix,1995-03-22,29,2,0,Male,Renaud
296,Adrienne,Mercier,2003-12-13,64,1,0,Female,Boyernec
297,Brigitte,Hervé,1993-11-01,54,9,3,Female,Carpentier
298,François,Legros,1999-09-22,28,10,10,Male,Tanguy-sur-Ferrand
299,Luce,Hardy,2004-11-19,14,10,2,Female,Henry
300,Émilie,Simon,1997-09-05,84,7,1,Female,Garcia
301,Robert,Bodin,1997-05-01,67,2,1,Male,Bigot
302,Margaux,Parent,1993-10-06,6,5,2,Female,Parentdan
303,Anne,Petit,2007-03-10,79,5,3,Female,Clerc
304,Stéphanie,Delattre,2001-03-19,64,8,8,Female,Saint Henriette
305,Alexandria,Labbé,2002-08-15,43,5,4,Female,WeissBourg
306,Victor,Delahaye,2006-02-13,60,5,0,Male,Saint Jacqueline
307,Victoire,Joubert,2003-01-19,99,2,0,Female,Guilbert
308,Anne,Jacques,1997-10-15,41,10,8,Female,BretonBourg
309,Tristan,Ollivier,1999-09-17,32,6,2,Male,Vasseur
310,Constance,Guillaume,1998-04-12,46,2,0,Female,MarieVille
311,Aurélie,Jourdan,2002-11-07,32,3,2,Female,Duprédan
312,Maggie,Garnier,2000-06-10,2,1,0,Female,Menard-sur-Cousin
313,Aurore,Potier,2001-02-18,20,7,7,Female,Fernandez-sur-Barthelemy
314,Luce,Garnier,2009-01-26,86,8,3,Female,Saint Diane
315,Amélie,Blanchet,2008-10-02,82,5,5,Female,Faure
316,Manon,Payet,2000-02-19,4,10,4,Female,Étienne-sur-Mer
317,Anne,Boyer,2000-09-07,60,8,2,Female,Rivièrenec
318,Caroline,Dubois,2008-06-02,42,4,0,Female,PierreBourg
319,Simone,Imbert,1999-11-13,16,10,1,Female,Sainte Lorraine-la-Forêt
320,Agathe,Bernier,2005-04-03,73,5,1,Female,Dubois
321,Éléonore,Durand,1995-01-31,81,8,2,Female,Voisin
322,Nicole,Maury,2002-06-22,43,2,2,Female,Aubert
323,Alain,Peron,1993-06-17,65,3,3,Male,Legendre
324,Jacqueline,Blanchet,2008-01-05,18,5,2,Female,Lévêque
325,Julien,Charpentier,1998-07-19,20,4,4,Male,Sainte Alice
326,Gabriel,Rossi,1998-08-12,9,7,5,Male,Moreau-la-Forêt
327,Noël,Hernandez,2000-11-02,1,9,1,Male,Saint HélèneBourg
328,Xavier,Bonnin,2007-12-01,59,8,7,Male,Aubertboeuf
329,Michelle,Mahe,1994-11-17,59,0,0,Female,Sainte Camille
330,Joseph,Bernier,2003-08-07,10,1,0,Male,Labbé
331,Xavier,Pereira,2006-07-05,58,4,4,Male,Martineau
332,Thibaut,Gallet,2003-12-11,58,10,9,Male,Saint Susan-sur-Mer
333,Christophe,Buisson,1993-09-24,69,9,2,Male,Pottier
334,Jeanne,Delorme,1999-11-24,45,3,1,Female,Sainte Luc
335,Gabrielle,Laine,2005-10-28,78,7,7,Female,MarchalVille
336,Laetitia,Martins,2002-03-17,83,10,3,Female,Sainte Rémy-sur-Mer
337,Manon,Marchal,2006-01-31,58,7,1,Female,Diaz-sur-Mer
338,Éléonore,Lefèvre,2000-10-24,40,10,3,Female,Voisin
339,André,Coulon,2001-04-23,2,1,0,Male,MenardBourg
340,Nicolas,Klein,2007-05-02,53,10,8,Male,Guillotnec
341,Thierry,Gérard,2003-12-28,74,1,1,Male,Roche-sur-Wagner
342,Martin,Lecomte,2002-02-26,85,4,4,Male,LambertVille
343,Lorraine,Lefebvre,1994-11-28,49,2,1,Female,Millet
344,Audrey,Letellier,2005-10-23,84,9,7,Female,Sainte Françoise
345,Valentine,Joly,2001-11-02,63,7,6,Female,Bruneau-les-Bains
346,Claire,Lenoir,2006-12-20,30,2,0,Female,RocherVille
347,Camille,Lucas,1999-06-16,2,2,2,Female,Martelboeuf
348,Alexandrie,Grondin,2003-10-12,10,1,1,Female,Dubois-les-Bains
349,Catherine,François,1996-09-27,94,3,1,Female,Jacques
350,Paul,Leblanc,1996-12-28,99,3,2,Male,Munoz-sur-Mer
351,Bernard,Moulin,2003-02-10,54,7,0,Male,Bonnet
352,Gabriel,Brunet,1994-08-06,36,3,3,Male,Perrierdan
353,Clémence,Bertrand,2000-07-03,14,7,4,Female,Sainte Martinnec
354,Thibaut,Laine,2008-01-14,51,9,1,Male,Louis
355,Patrick,Bigot,1996-06-23,79,1,0,Male,Girard
356,Astrid,Rodriguez,1995-06-22,81,0,0,Female,Chartier
357,Isabelle,Turpin,2000-10-04,64,0,0,Female,Fernandez
358,Georges,Riou,1997-10-01,87,3,3,Male,Imbert
359,Lucas,Maillet,2007-01-24,23,9,4,Male,Brunel
360,Véronique,Devaux,2001-04-06,57,6,0,Female,Breton
361,Cécile,Launay,1997-06-06,78,10,7,Female,Lefèvrenec
362,Bertrand,Da Costa,1999-07-22,85,9,6,Male,Saint William-sur-Mer
363,Rémy,Fernandes,1993-05-16,72,7,7,Male,Andre
364,Philippine,Godard,2005-08-16,49,9,8,Female,Descamps
365,Jacqueline,Regnier,2004-07-21,97,7,2,Female,Le Goffdan
366,Benjamin,Bruneau,2006-03-30,1,0,0,Male,Sainte Manon
367,Charles,Lacroix,2006-05-21,20,6,2,Male,Albert-sur-Valentin
368,Jean,Jourdan,2004-09-01,42,2,0,Male,Gay
369,Anne,Prévost,1997-06-11,75,4,1,Female,Sainte Claire
370,Agnès,Peron,2003-08-01,78,7,0,Female,Masson-sur-Vallée
371,Laurence,Evrard,2008-11-06,68,2,1,Female,NeveuBourg
372,Antoine,Huet,2003-10-01,48,8,4,Male,Sainte MargaretBourg
373,Marianne,Barre,1997-06-02,28,4,2,Female,LecomteVille
374,Aurélie,Neveu,2006-10-28,43,2,0,Female,Saint Anouk
375,Paul,Neveu,2004-03-06,38,6,1,Male,Collet-sur-Auger
376,Thibault,Salmon,2003-07-27,17,6,4,Male,GomesBourg
377,Raymond,Dijoux,2003-03-14,72,5,1,Male,Renaultboeuf
378,Margot,Jean,2007-01-29,63,8,7,Female,Sainte Carolineboeuf
379,Marc,Roux,1997-08-15,65,4,1,Male,Saint Antoine-la-Forêt
380,Georges,Meyer,2001-07-09,88,8,1,Male,Voisin-sur-Guyot
381,Olivier,Lemoine,2002-05-27,45,7,6,Male,Guillet
382,William,Mary,2000-09-25,27,1,1,Male,Mercier
383,Hélène,Vasseur,1995-11-13,65,8,0,Female,Bouvier
384,Michel,Guyon,2002-01-25,92,1,1,Male,Thierry
385,Michelle,Andre,2004-07-06,28,6,4,Female,Alves
386,Océane,Gérard,2001-02-11,6,4,1,Female,Leroynec
387,Raymond,Salmon,1996-07-26,60,2,0,Male,Mathieu-la-Forêt
388,Nathalie,Regnier,2004-11-21,25,1,1,Female,DevauxVille
389,Juliette,Bruneau,1995-03-23,31,4,4,Female,Picard
390,Marthe,Delaunay,1996-07-17,69,1,1,Female,Lelièvre-sur-Mer
391,Stéphane,Blot,1994-07-21,64,4,4,Male,Pinto
392,Benjamin,Guillet,1998-11-12,65,5,3,Male,Sanchez-les-Bains
393,René,Deschamps,1996-01-24,96,0,0,Male,Descamps-sur-David
394,Gérard,Faure,1993-04-23,30,1,0,Male,Robin-sur-Marion
395,Thierry,Charpentier,2008-05-23,75,3,2,Male,Berthelot
396,Marine,Lamy,2007-03-31,73,8,7,Female,Fournier-les-Bains
397,Olivie,Giraud,2003-07-03,58,7,4,Female,Martinezdan
398,Agnès,Morin,2005-06-29,91,1,1,Female,Saint François
399,Lucas,Chrétien,2005-08-30,66,9,4,Male,Hernandez
400,Simone,Charrier,2008-10-11,88,5,3,Female,Riou
401,Henriette,Gauthier,2008-10-22,36,3,0,Female,BourgeoisBourg
402,Jeannine,Schneider,1993-12-24,73,10,8,Female,Germain
403,Louise,Ollivier,1996-11-24,55,5,5,Female,RuizVille
404,Thomas,Cohen,1997-12-22,69,0,0,Male,Saint Étiennedan
405,Benoît,Perret,1998-05-18,95,5,3,Male,Hardynec
406,Victoire,Ledoux,1995-05-15,88,1,1,Female,Saint Nathalie
407,Honoré,Tessier,2005-10-03,70,4,4,Male,Sainte Andréboeuf
408,Adrienne,Lagarde,1997-12-12,67,7,4,Female,Ledouxnec
409,Jean,Techer,1998-11-15,52,0,0,Male,Fourniernec
410,Clémence,Guyon,2006-05-14,5,8,6,Female,Sainte AdrienneVille
411,Gilles,Gérard,2002-12-13,37,7,2,Male,Sainte AliceBourg
412,Henri,Courtois,2008-09-14,92,1,1,Male,Descamps
413,Alix,Philippe,1994-11-14,40,5,2,Female,Tessier-sur-Georges
414,Vincent,Rodriguez,2007-04-17,80,8,3,Male,Schneider
415,Agathe,Colas,2006-06-22,21,3,3,Female,Sainte Célina
416,Joseph,Pascal,2005-12-16,52,1,1,Male,Saint William-les-Bains
417,Martine,Picard,1996-07-11,20,1,0,Female,Lecomte
418,Luc,Fouquet,2000-12-30,70,10,10,Male,Roussel
419,Geneviève,Bouvet,2004-11-17,92,5,4,Female,Saint Lucy-la-Forêt
420,Gérard,Guillet,2003-07-11,61,7,3,Male,Wagner-sur-Rodriguez
421,Alexandre,Seguin,1993-11-06,67,4,0,Male,Martinez
422,Emmanuelle,Benoit,2007-03-05,4,5,4,Female,Saint Marie
423,David,Dupont,1996-06-02,22,8,3,Male,Saint Laurent-les-Bains
424,Élise,Diallo,1999-09-03,84,9,8,Female,Lacombe-sur-Lacroix
425,Aurélie,Charrier,1996-12-07,86,0,0,Female,Pineau-sur-Vallet
426,Renée,Verdier,2008-11-21,61,7,1,Female,Lucas
427,Lucie,Lamy,2002-02-01,98,10,6,Female,Maillot
428,Julien,Lejeune,2006-04-05,11,0,0,Male,Benard-sur-Lemonnier
429,Thierry,Delahaye,2005-01-26,29,0,0,Male,Langlois
430,Théophile,Faure,1997-06-11,30,2,2,Male,Arnaud
431,Alexandre,Mercier,2008-12-16,44,8,3,Male,Chevallier-sur-Chevalier
432,Jérôme,Meyer,2004-01-30,94,1,0,Male,Hardy
433,Georges,Besnard,2006-01-24,87,4,1,Male,Marchand
434,Aurore,Lagarde,2008-04-12,52,5,0,Female,Gaudindan
435,Marie,Richard,1993-04-20,10,1,0,Female,Parentnec
436,Tristan,Lambert,2004-12-07,13,0,0,Male,Bonnet
437,André,Evrard,1999-09-16,90,5,5,Male,Gaillard
438,Édouard,Dos Santos,2000-03-18,49,0,0,Male,Perezboeuf
439,Adrien,Foucher,1998-01-01,51,2,1,Male,Delaunay-sur-Menard
440,Monique,Guichard,1994-06-05,22,6,0,Female,Gillet
441,Éric,Chartier,2000-01-09,31,8,4,Male,BarbierVille
442,Denis,Ribeiro,2007-03-01,68,3,3,Male,Besnard
443,Luce,Bernard,1995-12-05,86,4,1,Female,Sainte GeorgesVille
444,Tristan,Morin,1994-07-07,45,4,2,Male,Clément
445,Étienne,Poulain,1997-01-07,23,2,2,Male,Perez
446,Maurice,Pires,2000-03-11,51,1,1,Male,DuhamelVille
447,Raymond,Lenoir,1995-06-04,52,9,9,Male,Dubois
448,Xavier,Perrot,1993-03-26,9,3,2,Male,Hebert
449,Isaac,Gauthier,2008-02-16,53,8,2,Male,PerrotVille
450,Patricia,Launay,1999-02-12,72,6,6,Female,Saint Luciedan
451,Maurice,Toussaint,2001-08-06,14,6,2,Male,Marchand
452,Sébastien,Bouchet,1995-03-27,7,3,1,Male,Carpentier
453,Rémy,Collin,2004-02-09,32,0,0,Male,Denis
454,Thibault,Brunel,2007-11-11,11,5,2,Male,Didier-sur-Ribeiro
455,Françoise,Delaunay,2002-04-17,90,6,5,Female,Chevalier
456,Clémence,Berthelot,2002-04-04,86,2,1,Female,Martelboeuf
457,Pierre,Didier,2006-11-11,22,6,2,Male,Saint David
458,Victor,Lévêque,1995-03-10,85,0,0,Male,Meyer-la-Forêt
459,Franck,Bailly,1999-02-03,67,7,6,Male,Saint Michelledan
460,Anastasie,Vaillant,2007-07-25,47,7,0,Female,Marin
461,Théophile,Fernandes,1999-01-02,36,1,1,Male,Nicolas-sur-Mer
462,Adrienne,Weiss,1995-01-11,62,0,0,Female,Saint Victoire
463,Jacqueline,Guillot,2000-06-06,2,2,1,Female,Humbert
464,Victor,Perez,1997-06-08,22,5,4,Male,Delmas
465,Guy,Renault,1999-06-29,68,5,1,Male,Philippe
466,Sylvie,Mathieu,2007-11-08,83,2,1,Female,Perrot
467,Joseph,Faure,2005-11-17,36,1,0,Male,Daniel
468,Dorothée,Albert,2003-12-10,43,0,0,Female,Pierre-sur-Dias
469,Thierry,Clément,2004-01-27,54,1,1,Male,Goncalves
470,Sylvie,Moreau,2002-12-27,58,1,0,Female,RodriguezBourg
471,Thomas,François,1998-06-30,55,1,0,Male,Sainte Emmanuelleboeuf
472,Alix,Brunel,2004-04-08,95,5,1,Female,Sainte Vincent
473,Grégoire,Bodin,1994-02-23,61,10,2,Male,Humbert
474,Olivie,Barbier,1997-04-15,26,0,0,Female,Chevalliernec
475,Véronique,Bouvet,2009-01-17,37,5,5,Female,Hoareaudan
476,Patricia,Guillaume,1995-08-16,96,8,5,Female,Martinez-sur-Techer
477,Odette,Lesage,2003-09-07,76,10,7,Female,Barthelemy-la-Forêt
478,Michèle,Dupont,2002-10-10,39,2,2,Female,Charles-sur-Mer
479,Valentine,Baudry,1995-06-09,65,6,4,Female,Techer
480,Benoît,Humbert,1994-06-14,32,5,4,Male,Saint RobertBourg
481,Adélaïde,Goncalves,2007-12-02,33,5,0,Female,Guibert
482,Michelle,Delattre,2008-07-28,37,0,0,Female,Saint Julien
483,Alexandre,Bonnet,2005-08-11,37,4,4,Male,Dupuy
484,Sébastien,Clerc,1997-09-01,46,6,2,Male,Saint Laurenec
485,Léon,Paris,1993-07-11,14,5,4,Male,Bergerboeuf
486,Vincent,Bonnin,2003-06-01,46,6,1,Male,Peronboeuf
487,Benjamin,Charles,1997-01-16,77,6,4,Male,Perrotdan
488,Bertrand,Marques,2001-02-22,4,8,4,Male,Vidal
489,Denise,Hervé,1996-08-22,51,8,1,Female,Saint Alexboeuf
490,Zacharie,Valette,1995-05-22,4,9,7,Male,Robinnec
491,Henri,Lamy,1993-12-24,80,4,3,Male,Baron-les-Bains
492,Sébastien,Loiseau,2003-01-03,9,6,0,Male,Seguin
493,Élisabeth,Clément,1994-03-22,9,0,0,Female,Bonneau
494,Pauline,Gallet,2008-02-13,3,9,9,Female,Saint Lorraine-la-Forêt
495,Jacques,Barbier,1995-07-12,52,6,0,Male,Joubert
496,Jean,Voisin,2002-02-13,93,1,1,Male,Loiseaudan
497,Benjamin,Lacombe,2006-11-08,94,5,0,Male,Barbier-les-Bains
498,Alain,Lemaire,2000-07-18,36,5,4,Male,Bruneau
499,Maggie,Charpentier,1997-04-16,78,7,1,Female,Clercdan
500,Édouard,Guillet,2000-09-17,90,1,1,Male,Caron
501,Lucie,Garnier,1994-06-16,3,7,4,Female,ColletVille
502,Guy,Loiseau,2003-09-24,76,10,8,Male,Simon
503,Colette,François,2004-02-09,79,6,1,Female,Michel
504,Claire,Barre,1996-06-24,6,9,4,Female,Traore-sur-Morin
505,Victor,Legrand,2008-11-08,69,0,0,Male,Dubois-la-Forêt
506,Audrey,Pruvost,2004-01-15,56,10,6,Female,Labbé
507,Denise,Hubert,2000-09-09,20,5,2,Female,Perrin
508,Gilles,Sauvage,1997-05-19,92,7,6,Male,Monnier
509,Marie,Renault,1998-09-04,35,9,5,Female,Valléenec
510,Marthe,Dumont,1993-05-24,2,4,2,Female,Joseph-les-Bains
511,Sophie,Allard,1994-04-12,68,6,0,Female,Chevallier-sur-Besnard
512,Édouard,Neveu,2006-05-25,44,2,1,Male,PayetVille
513,Noémi,De Oliveira,1993-07-24,41,3,3,Female,Saint Timothée
514,Georges,Leroux,2002-04-29,99,6,4,Male,HumbertVille
515,Célina,Regnier,2007-07-23,55,2,1,Female,Ruizboeuf
516,Valérie,Jean,1998-05-12,2,0,0,Female,Colin-la-Forêt
517,Marguerite,Pichon,1993-07-26,99,8,2,Female,Humbert
518,Thomas,Hervé,2005-11-26,70,6,5,Male,Daniel
519,Arthur,Marchal,2000-09-08,89,9,8,Male,Dumont
520,Adrien,Clerc,2007-10-04,83,0,0,Male,Alves
521,Lucas,Fouquet,2005-04-30,19,6,2,Male,Sainte Guillaume
522,Eugène,Pasquier,2007-12-23,35,1,1,Male,Saint AlfredVille
523,Nicole,Lenoir,1995-03-17,90,7,5,Female,Faureboeuf
524,Raymond,Chauveau,1993-08-11,26,2,2,Male,GosselinVille
525,Joséphine,Pages,2006-12-24,31,9,3,Female,Bretondan
526,Inès,Barthelemy,2002-03-30,72,7,3,Female,Pages
527,Joséphine,Camus,1993-10-21,46,10,10,Female,Chartier-sur-Guyon
528,Patrick,Clément,1996-10-13,7,9,9,Male,Rousseau
529,Henriette,Merle,1999-02-12,42,1,0,Female,Lucas
530,Margaret,Maillet,2003-07-15,37,9,6,Female,Turpin-les-Bains
531,Juliette,Leconte,2006-10-06,66,6,5,Female,Collet
532,Jérôme,Lucas,1996-06-14,35,3,0,Male,Sainte Margot
533,Marianne,Lecoq,1997-04-21,34,5,4,Female,GilbertBourg
534,Aimée,Rocher,1998-01-14,90,2,2,Female,Besson
535,Léon,Monnier,2004-06-03,100,0,0,Male,BessonVille
536,Anne,Ramos,2007-06-11,11,2,2,Female,Sauvage
537,Antoinette,Deschamps,1999-08-13,68,3,2,Female,Faivre
538,Luc,Petitjean,2002-09-12,45,2,1,Male,Sainte Bertrand
539,Diane,Raymond,2008-09-11,71,4,4,Female,BaillyVille
540,Xavier,Leroux,2003-08-30,42,10,1,Male,Lemaître
541,Christiane,Toussaint,1996-01-22,26,5,4,Female,Laurent
542,David,Petit,1999-04-10,100,5,5,Male,Dumont
543,Gérard,Techer,1993-11-22,28,3,3,Male,Girard-la-Forêt
544,Camille,Hubert,1993-10-10,99,4,1,Female,Reynaud-les-Bains
545,Lucas,Barbe,2004-03-26,95,6,6,Male,LefebvreVille
546,Théodore,Vidal,2005-01-22,57,3,2,Male,Saint Isaac
547,Michel,Boulanger,1994-12-10,79,10,3,Male,Evrard
548,Augustin,Lopez,1998-08-17,17,10,2,Male,Sainte MarcBourg
549,Étienne,Nguyen,2005-08-08,2,6,3,Male,Sainte Gilles-la-Forêt
550,Maryse,Guilbert,2008-03-11,88,6,2,Female,Chauvet-sur-Mer
551,Bernard,Coste,2005-03-24,42,1,1,Male,Sainte Dianedan
552,Sophie,Breton,1995-03-29,29,6,0,Female,Sainte Christelle
553,Suzanne,Bodin,1995-04-23,39,4,0,Female,Saint Frédéric
554,Lucy,Lecomte,1993-05-04,37,4,2,Female,Devaux
555,Matthieu,Dos Santos,1994-05-19,10,10,2,Male,Perrindan
556,Olivie,Bernier,1997-12-09,58,5,4,Female,Schmitt-sur-Picard
557,David,Bouvier,1993-12-25,33,1,0,Male,Didier
558,Honoré,Philippe,1999-05-19,46,6,2,Male,Sainte Éléonorenec
559,Pierre,Ollivier,2006-06-26,16,5,5,Male,LaporteBourg
560,Thierry,Gosselin,2008-02-21,18,4,4,Male,Saint Emmanuelleboeuf
561,Lucy,Potier,2003-10-20,25,5,5,Female,Saint Jeannine
562,Théodore,Boulay,2004-12-07,25,5,5,Male,Maurice
563,Henri,Garnier,1993-08-12,1,7,4,Male,Verdier-la-Forêt
564,Valérie,Ruiz,2008-06-08,19,6,4,Female,Guyonnec
565,Alfred,Fabre,2001-02-09,29,6,6,Male,Guibert-les-Bains
566,Vincent,Gaillard,1997-03-09,69,2,2,Male,Da Costa
567,Françoise,Teixeira,2005-09-08,28,10,7,Female,Carrenec
568,Alfred,Rousset,2006-07-05,66,0,0,Male,Ledoux
569,Christiane,Alves,2007-11-09,60,3,1,Female,Foucher-sur-Lesage
570,Thibaut,Paris,2005-06-27,45,3,2,Male,Bodin
571,Aimé,Legendre,1998-07-09,45,2,2,Male,Thibault-sur-Mer
572,Élodie,Grenier,1995-06-27,56,3,0,Female,Martineauboeuf
573,Léon,Besnard,2003-12-09,15,9,4,Male,Sauvage
574,Vincent,Texier,2002-08-16,28,4,0,Male,Garcianec
575,Manon,Muller,2000-05-23,79,3,0,Female,Denisnec
576,Suzanne,Costa,1995-01-19,80,8,7,Female,JacobVille
577,Sabine,Fischer,2001-07-01,90,7,2,Female,Sainte Émile-sur-Mer
578,Pierre,Martinez,2000-01-08,98,5,1,Male,Saint Adrienne-la-Forêt
579,Denise,Bonnin,2002-04-29,81,5,0,Female,Lopez
580,Émile,Breton,2008-02-24,22,1,0,Male,Sainte Léonnec
581,Eugène,Coste,2006-10-29,65,4,1,Male,Legros
582,Augustin,Lévy,1996-11-03,17,5,3,Male,Monnier
583,Aimée,Le Roux,1999-11-01,30,10,1,Female,Leleu-sur-Mer
584,Laetitia,Jacques,1998-02-23,7,3,2,Female,CharrierVille
585,Margot,Jacquot,2007-02-17,73,8,4,Female,Blanc
586,Frédéric,Dumas,2006-09-15,64,9,6,Male,Rochernec
587,Pénélope,Boulay,1995-04-25,80,9,3,Female,Letellier-sur-Pottier
588,Yves,Tanguy,1999-12-15,27,9,2,Male,Pereira
589,Andrée,Giraud,1995-05-07,46,9,3,Female,Blanc
590,Anouk,Antoine,2000-11-24,83,5,4,Female,Sainte Denisedan
591,Jeanne,Picard,2006-02-19,92,6,2,Female,Reynec
592,Océane,Hoarau,1997-09-16,76,4,4,Female,Fischer
593,Martine,Bailly,2002-03-16,53,3,1,Female,Sainte Sophie
594,Alfred,Gomez,2002-07-13,45,0,0,Male,Ramosnec
595,Paul,Riou,1995-12-27,1,0,0,Male,Sainte JosetteVille
596,Étienne,Renault,1999-09-06,49,10,3,Male,Ramos
597,Arthur,Pelletier,2003-11-01,54,9,9,Male,Royboeuf
598,Isabelle,Louis,1995-03-07,10,4,0,Female,Laine-sur-Menard
599,Madeleine,Mendès,1994-11-11,23,0,0,Female,Saint Agathe
600,Marianne,Roy,1999-06-12,61,3,0,Female,Saint Josette
601,Tristan,Pages,2000-11-17,23,7,5,Male,Boutin
602,Jacqueline,Hoareau,1994-11-26,36,8,3,Female,Petit
603,Grégoire,Besson,2007-08-15,71,7,7,Male,Regnier-sur-Mer
604,Anne,Richard,1999-06-07,74,4,3,Female,Menard-sur-Mer
605,Clémence,Marin,2008-09-01,1,6,2,Female,Pages
606,Stéphanie,Lucas,1997-11-12,8,1,0,Female,Lopez
607,Margaux,Lesage,1996-01-31,50,10,3,Female,Imbertboeuf
608,Aurélie,Schneider,1993-11-11,34,5,1,Female,Fleury-sur-Masson
609,Luc,Camus,2002-04-07,68,7,6,Male,Raymond
610,Véronique,Torres,1994-10-11,63,9,4,Female,Garcia
611,Tristan,Labbé,2006-07-25,93,0,0,Male,Schmittnec
612,Jacques,Marchand,2008-09-24,23,7,3,Male,Saint Eugène
613,Olivier,Da Silva,2000-09-04,82,7,7,Male,Hardy-sur-Neveu
614,Anaïs,Schneider,2002-07-02,79,10,3,Female,LaurentBourg
615,Inès,Thomas,2007-06-14,8,10,6,Female,Chauveau-la-Forêt
616,Alexandre,Lemaire,2002-06-09,26,4,1,Male,Delaunaynec
617,Monique,Mace,2002-01-24,99,0,0,Female,Maury-sur-Loiseau
618,Marine,Hervé,2001-06-20,80,9,0,Female,Galletboeuf
619,Brigitte,Grégoire,1999-07-10,43,3,2,Female,Hernandez
620,Marc,De Oliveira,2007-12-17,67,7,5,Male,Lemoine
621,Denise,Dupré,1994-03-25,66,4,2,Female,Lecoq-sur-Mer
622,Pauline,Rocher,1996-07-22,53,10,10,Female,Dufour
623,Véronique,Da Costa,2006-03-18,68,8,1,Female,Chevallier
624,Noémi,Guillet,2002-03-13,90,0,0,Female,Fabre
625,Sébastien,Leblanc,2008-03-05,59,2,2,Male,Collet
626,Marthe,Delattre,2002-09-06,25,3,2,Female,Saint Anne
627,Michelle,Maury,1995-03-09,36,3,2,Female,Fabre
628,Clémence,Giraud,1994-09-30,17,5,4,Female,Sainte Étienneboeuf
629,Margaud,Auger,1995-12-22,87,4,3,Female,Durand
630,Anaïs,Moreau,1998-05-26,54,10,2,Female,Thibault
631,Martin,Guilbert,2006-08-18,85,10,2,Male,Maréchal
632,Bertrand,Teixeira,2006-08-14,54,7,0,Male,PrévostBourg
633,Mathilde,Buisson,2007-09-07,32,5,2,Female,Mary-les-Bains
634,Gilles,Chartier,1996-07-08,63,2,1,Male,Saint Robert
635,Joseph,Simon,2001-02-12,56,6,4,Male,Bodin
636,Maurice,Delattre,2007-08-18,85,0,0,Male,Garnier
637,Jules,Allard,2007-11-08,77,5,3,Male,Boucher
638,Timothée,Hebert,2004-12-30,91,2,2,Male,Guyot
639,Zoé,Giraud,2007-05-31,47,6,0,Female,Legendreboeuf
640,Thierry,Andre,1994-08-12,70,7,7,Male,Lopez
641,Thibault,Marchal,2004-02-03,27,5,5,Male,Meyerboeuf
642,Maurice,Michaud,2003-01-14,56,8,6,Male,Pires
643,Théodore,Becker,2002-01-24,88,8,5,Male,ThierryVille
644,Joséphine,Roux,2000-12-16,65,6,5,Female,Ruiz-les-Bains
645,Élise,Dupuy,1998-12-17,90,3,1,Female,Mullerboeuf
646,Christophe,Gomez,2006-10-26,79,1,0,Male,Saint Cécile
647,Rémy,Humbert,2000-04-08,10,5,0,Male,Vasseur
648,Sébastien,Michaud,1996-12-02,97,9,3,Male,Alexandre-les-Bains
649,Camille,Garcia,2007-09-10,100,3,1,Female,Bessondan
650,Charles,Perrin,2002-04-27,93,3,3,Male,Bègue-sur-Mer
651,Franck,De Oliveira,2001-02-09,82,6,2,Male,Pascal-sur-Couturier
652,Michelle,Bazin,2002-09-19,23,8,3,Female,Perrot
653,Étienne,Klein,2008-04-18,10,5,0,Male,Chauvin
654,Théodore,Picard,2001-04-11,26,5,5,Male,Benoit
655,Marcel,Martineau,2002-02-24,18,9,6,Male,Georges
656,Guy,Rodriguez,2004-02-19,3,7,2,Male,Voisin-sur-Gosselin
657,Aurélie,Dos Santos,2008-10-30,10,10,8,Female,Maurice
658,Margaud,Peltier,2006-01-26,79,10,8,Female,Guillot
659,Gabriel,Hamon,2004-11-12,99,4,3,Male,Sainte MartineVille
660,Denis,Lambert,2006-05-02,8,0,0,Male,Pottiernec
661,Lucie,Devaux,2001-05-25,67,8,3,Female,Saint Valérieboeuf
662,Emmanuelle,Mace,2003-05-24,7,2,2,Female,Ollivier-les-Bains
663,Marianne,Rey,2005-06-13,33,2,0,Female,Rivière-sur-Mer
664,Martin,Thomas,1997-02-17,78,10,4,Male,Saint Clémence
665,Claude,Letellier,1996-03-05,38,7,7,Female,LegrandVille
666,Maggie,Masse,1996-01-12,56,10,10,Female,Brun
667,Alain,Pereira,2001-02-20,23,8,7,Male,Bonnetnec
668,Théodore,Carlier,2000-03-07,99,6,2,Male,Saint Christiane
669,Franck,Boutin,1995-10-27,53,0,0,Male,Saint Christine
670,Lucas,Dubois,2001-05-16,91,0,0,Male,Saint Andréeboeuf
671,Anne,Bazin,2007-12-23,39,0,0,Female,Étienne-les-Bains
672,Arthur,Toussaint,2000-04-17,77,1,0,Male,Roche-sur-Guillon
673,Nicolas,Rossi,1997-01-13,69,3,3,Male,Turpin
674,Christophe,Rousset,1996-05-16,85,8,8,Male,Martineau
675,Olivier,Bonnin,2007-10-26,86,10,5,Male,Gonzalez
676,Alexandria,Hebert,2006-02-11,52,8,5,Female,Dupont-sur-Ollivier
677,Éléonore,Olivier,2004-06-24,34,0,0,Female,Sainte Simone
678,Antoinette,Guibert,2005-08-04,31,4,3,Female,Auger
679,André,Da Costa,1998-08-24,100,2,0,Male,Barre
680,Augustin,Bonnet,2005-02-28,35,8,3,Male,Fernandes-sur-Laine
681,Susanne,Lopes,2000-06-13,4,3,3,Female,ClercVille
682,Jacques,Gomes,1997-01-08,92,3,0,Male,Andre-la-Forêt
683,Robert,Caron,1993-08-01,42,4,4,Male,Albertboeuf
684,Jules,Cordier,1993-08-17,7,1,1,Male,Carpentier-les-Bains
685,Frédéric,Bonnet,2001-01-17,78,1,0,Male,Boutin
686,Théophile,Verdier,2002-10-29,86,7,1,Male,Sainte Gérard-les-Bains
687,Alexandrie,Gilles,2008-02-17,100,7,0,Female,Sainte NicolasBourg
688,Hélène,Gimenez,1997-07-31,97,3,2,Female,Durand
689,Patricia,Voisin,2003-05-21,90,9,8,Female,Camus
690,Alexandre,Turpin,2005-06-04,23,8,0,Male,Fabre
691,Jacques,Baudry,2007-01-21,14,6,5,Male,Fournier
692,Étienne,Morin,2000-06-16,92,5,0,Male,Sainte HenriBourg
693,Odette,Michel,1996-07-11,40,0,0,Female,LeconteBourg
694,Margaud,Cohen,2002-09-11,65,8,4,Female,MorinBourg
695,Marcelle,Letellier,2003-09-10,45,1,0,Female,BriandVille
696,Simone,Masse,2008-11-26,94,8,2,Female,Masse
697,William,Pelletier,1994-10-28,36,3,3,Male,Lambert-sur-Mer
698,Sophie,Meyer,1997-10-02,11,6,2,Female,Legros-sur-Gimenez
699,Marine,Delannoy,2007-07-31,28,6,1,Female,Boucher-la-Forêt
700,Noémi,Bertin,1998-06-23,75,2,1,Female,Meunier
701,Clémence,Berger,1999-05-15,84,5,1,Female,Le Roux
702,Christiane,De Sousa,1993-08-11,73,0,0,Female,Gay
703,Jacques,Marin,2004-06-25,30,4,3,Male,Chevalier
704,Pierre,Moulin,2006-03-19,78,3,3,Male,Boulaydan
705,Claudine,Martel,1994-09-16,87,3,0,Female,Bouchet-sur-Mer
706,Pauline,Legros,2007-07-03,78,5,1,Female,Lagarde
707,Julien,Valentin,1999-01-29,18,10,10,Male,Poulain-les-Bains
708,Claire,Vasseur,2006-11-14,16,7,4,Female,Bonnet-sur-Fernandez
709,Jérôme,Goncalves,2002-03-12,28,8,5,Male,Antoine-sur-Mer
710,Stéphane,Étienne,1998-08-06,43,7,7,Male,Guyon-les-Bains
711,Josette,Besson,1997-08-19,68,5,5,Female,PonsVille
712,Geneviève,Marchand,1999-09-16,33,4,3,Female,Allain
713,Zacharie,Pierre,1993-11-10,48,4,0,Male,Martineau
714,Michèle,Schneider,2007-12-23,20,9,1,Female,Robert-sur-Roy
715,Marcel,Maréchal,2004-10-12,70,2,0,Male,Da Costa-les-Bains
716,Lucas,Pichon,1996-12-04,40,2,2,Male,Poulain
717,Philippe,Samson,2004-09-11,56,9,5,Male,GuilletBourg
718,Hugues,Delahaye,2008-09-22,52,9,2,Male,Sainte SophieBourg
719,Gabriel,Breton,2005-11-22,18,0,0,Male,Hubert-sur-Klein
720,Jacques,Maury,2007-09-17,67,6,2,Male,Julien-les-Bains
721,Margaux,Philippe,2000-08-18,43,6,5,Female,Jacquot
722,Maggie,Leconte,1998-08-12,61,10,0,Female,Dupuy-sur-Goncalves
723,Georges,Mathieu,1999-11-23,30,10,5,Male,Tessier
724,Élisabeth,Antoine,2004-03-18,54,5,3,Female,Philippe
725,Isaac,Pereira,2001-12-09,52,3,0,Male,Guyot-les-Bains
726,Aimée,Delmas,1994-01-31,47,3,1,Female,Blondelboeuf
727,Honoré,Philippe,2000-09-19,100,8,3,Male,Blot-les-Bains
728,Sophie,Merle,2000-02-25,81,7,6,Female,Lemaître-sur-De Sousa
729,Paul,Baron,2004-06-13,4,4,4,Male,Moreau
730,Patricia,Bailly,2008-11-29,53,1,1,Female,Samson
731,Julien,Ferrand,2005-04-28,100,10,10,Male,Jacques
732,Marcel,Labbé,1994-10-19,60,5,0,Male,Guyon
733,Marc,Guillon,2008-06-06,71,5,1,Male,Nicolas
734,Valentine,Dupuis,1995-08-03,24,0,0,Female,Poulain-les-Bains
735,Alain,Morin,1994-12-31,12,1,1,Male,Jacob
736,Olivie,Perrier,1999-05-04,97,10,4,Female,Camus
737,Hélène,Renard,2007-12-13,34,9,7,Female,Fernandez
738,Noël,Morel,1995-05-25,68,4,4,Male,Saint SophieVille
739,Margaux,Ferrand,1993-12-25,63,9,3,Female,DeschampsVille
740,Bertrand,Normand,2003-08-10,72,1,1,Male,Hubert-sur-Fischer
741,Suzanne,Vincent,1995-02-05,19,9,7,Female,Saint Alfred
742,Diane,Bruneau,2003-05-20,92,7,4,Female,Legros
743,Adrien,Auger,2003-07-11,84,4,3,Male,Saint Alfred-sur-Mer
744,Manon,Delmas,1996-02-14,13,1,1,Female,Martin
745,Céline,Antoine,2009-01-20,25,2,1,Female,GrégoireVille
746,Sabine,Martins,2001-09-22,13,2,0,Female,Charriernec
747,Isaac,Durand,2000-03-22,13,10,9,Male,Pires
748,Maggie,Daniel,2004-09-07,28,9,5,Female,Barbeboeuf
749,Astrid,Dupont,2006-04-18,63,6,0,Female,Riou
750,Hélène,Maréchal,2006-09-16,39,6,6,Female,Boulay
751,Margaret,Delannoy,1994-05-26,22,0,0,Female,Lacombe
752,Martin,Bouvier,1995-05-04,92,9,2,Male,Lebon
753,Zacharie,Grenier,2003-05-28,7,1,0,Male,Charles
754,Joséphine,Richard,2008-10-02,41,3,1,Female,Courtois-sur-Bourgeois
755,Margaret,Carpentier,2007-10-31,58,10,2,Female,Rémy
756,Alphonse,Julien,2004-08-13,54,8,5,Male,Lemoine
757,Noémi,Vallet,2001-04-23,44,4,0,Female,Marie
758,Émilie,Rodriguez,2004-09-10,72,0,0,Female,Guillou
759,Guillaume,Huet,1996-04-10,57,9,9,Male,Sainte Honoré
760,Monique,Clerc,2005-02-19,44,3,0,Female,Saint Mathildenec
761,Théophile,Albert,1995-01-19,17,7,4,Male,Robert
762,Alain,Peron,2003-04-16,43,0,0,Male,Sainte Marc
763,Alfred,Hubert,1993-06-17,57,8,5,Male,Perret-sur-Rodrigues
764,Virginie,Turpin,2006-10-18,84,10,9,Female,Saint Adélaïde-les-Bains
765,Alexandrie,Richard,1993-08-10,81,6,5,Female,Letelliernec
766,Jeannine,Bourgeois,1995-09-22,77,6,5,Female,Gilles
767,Dorothée,Thibault,1999-07-16,63,9,7,Female,Joubert-la-Forêt
768,Daniel,Valentin,1994-12-21,83,9,2,Male,Blanc
769,Laure,Le Gall,2001-06-29,15,1,1,Female,Laurent
770,François,Guichard,2007-11-07,59,10,9,Male,LemoineBourg
771,Xavier,Petitjean,2007-08-20,95,10,1,Male,Gomes-sur-Mer
772,Marcel,Petit,1993-02-21,79,2,0,Male,Sainte JosephBourg
773,Jean,Paul,2008-02-27,81,9,7,Male,Berthelot
774,Michèle,Caron,2004-11-02,93,3,3,Female,Kleinnec
775,Adélaïde,Guillot,2003-12-01,87,0,0,Female,Delaunay
776,Thomas,Caron,2008-11-14,16,0,0,Male,Simon-la-Forêt
777,Céline,Da Silva,1996-03-25,77,9,1,Female,Vincent-sur-Mer
778,Hugues,Hoarau,1997-05-22,8,3,0,Male,Fouquetnec
779,Charlotte,Bourdon,2009-02-12,20,1,0,Female,Aubry-la-Forêt
780,Zacharie,Guibert,2002-10-27,57,10,7,Male,Gautier
781,Claude,Roger,2004-04-16,10,3,3,Female,Auger-la-Forêt
782,Sylvie,Poirier,2005-07-21,35,7,4,Female,Dijoux
783,Patrick,Masson,2003-10-08,30,2,1,Male,GauthierBourg
784,Richard,Lopez,2000-03-28,44,0,0,Male,Saint Alain
785,Matthieu,Rodriguez,1995-07-10,93,7,3,Male,Valette
786,Tristan,Lesage,2008-11-16,69,1,1,Male,Sainte Édith-les-Bains
787,Bertrand,Navarro,2001-05-03,89,5,4,Male,Pascal-sur-Mer
788,Daniel,Mendès,2006-09-06,1,9,9,Male,Saint Thomas
789,Hélène,Chauvin,1999-06-02,50,2,1,Female,Gosselin-sur-Chevallier
790,Zoé,Pinto,1998-06-10,24,8,5,Female,Mercier-la-Forêt
791,Hugues,Payet,2003-11-01,29,0,0,Male,HamonVille
792,Thierry,Durand,1999-07-15,61,8,6,Male,Mallet
793,Valérie,Perrin,2007-05-05,9,5,0,Female,Hubertdan
794,Jérôme,Didier,1994-09-21,71,7,2,Male,Dijoux-sur-Fleury
795,Françoise,Millet,2006-12-17,29,4,3,Female,Dias
796,Claudine,Le Roux,2002-09-23,7,9,2,Female,Marty
797,Chantal,Rocher,2001-12-03,84,6,5,Female,Collin
798,Daniel,Lagarde,2003-12-11,19,0,0,Male,Brunel-sur-Vaillant
799,Thibaut,Laine,2001-10-20,40,2,2,Male,Bègue-sur-Gilles
800,Alex,Ramos,1997-06-17,44,5,1,Female,Gomes
801,Maurice,Carpentier,1997-03-06,21,7,0,Male,Sainte William
802,Zoé,Brun,1996-12-11,59,9,6,Female,Bazindan
803,Susanne,Fleury,2005-12-24,71,1,0,Female,Sainte Susannedan
804,Michel,Brun,2006-07-19,92,6,5,Male,Sainte Nicolas-sur-Mer
805,Emmanuel,Hoareau,1999-10-19,100,1,1,Male,Saint Manon
806,Bertrand,Pascal,2003-12-18,70,8,7,Male,Sainte Pauline-la-Forêt
807,Noël,Blanchard,2008-01-27,84,9,6,Male,Neveu
808,Benjamin,Pruvost,2005-02-12,50,9,7,Male,Bernier
809,Luc,Petitjean,2008-03-15,78,0,0,Male,Bigot
810,Andrée,Ferrand,1996-07-25,15,8,3,Female,Loiseau
811,Inès,Couturier,2002-04-28,7,5,4,Female,Saint Pauline-la-Forêt
812,Suzanne,Boulay,2005-08-25,10,9,9,Female,Roger-sur-Guérin
813,Thérèse,Labbé,2006-03-03,22,3,3,Female,Saint MichelleVille
814,Tristan,Mace,2000-03-04,33,2,2,Male,Techer
815,Laetitia,De Sousa,2005-11-11,53,1,1,Female,François-sur-Lelièvre
816,Denis,Roux,2003-05-30,52,6,3,Male,Le Gall
817,Alexandria,Rivière,2003-04-08,1,7,6,Female,Lejeune
818,Corinne,Lemaître,2000-12-05,28,8,8,Female,Guyot-les-Bains
819,Suzanne,Berger,1996-12-24,82,2,2,Female,Saint Nicolas
820,Éléonore,Brunel,1998-10-25,7,10,8,Female,Michaud-sur-Letellier
821,Élise,Guillon,2006-12-01,84,3,1,Female,Maury-sur-Garcia
822,Thierry,Weber,2001-04-07,12,3,3,Male,Bousquet
823,Marguerite,Potier,2002-04-05,32,9,7,Female,Legros
824,Catherine,Vasseur,1997-02-08,61,7,1,Female,PagesBourg
825,René,Chauveau,2001-11-29,57,6,2,Male,Duvaldan
826,Madeleine,Fouquet,2003-04-28,88,4,1,Female,Menard
827,Roger,Jacquot,2006-01-29,53,9,6,Male,Gilles-les-Bains
828,Jérôme,Leduc,2006-02-02,82,8,7,Male,Besson
829,Michel,Guérin,1999-06-10,5,5,5,Male,Sainte Franck
830,Jacques,Langlois,2005-05-05,75,8,5,Male,Sainte Tristan
831,Marthe,Leclerc,1997-11-10,89,3,0,Female,Sainte Manon
832,Adrien,Thierry,1994-07-30,94,2,0,Male,Saint Madeleine
833,Jacqueline,Blondel,2000-03-06,50,3,0,Female,Leducboeuf
834,Léon,Letellier,2004-05-06,76,6,0,Male,Lesage-les-Bains
835,Jacques,Jean,2007-06-19,19,9,3,Male,Saint Sabine
836,Noël,Ramos,1998-02-02,100,5,1,Male,Wagner
837,Christine,Bègue,1996-07-27,26,10,8,Female,Boyer-sur-Mer
838,Juliette,Richard,1997-12-03,54,7,0,Female,PetitjeanVille
839,Laure,Leleu,1999-03-21,21,10,6,Female,Cousin
840,Anne,Colin,2008-10-14,100,9,8,Female,Delaunayboeuf
841,Thierry,Delmas,1997-05-14,45,1,0,Male,Boucher
842,Patrick,Bodin,1994-12-10,34,4,3,Male,Guillon
843,Alfred,Lebreton,2008-09-02,11,4,3,Male,Pottierdan
844,Timothée,Didier,2000-05-13,59,10,8,Male,Sainte Édith-sur-Mer
845,Jean,Étienne,2000-06-08,51,0,0,Male,Sainte Odette
846,Olivier,Guillou,1994-08-11,7,6,2,Male,Rémy
847,Thibaut,Pons,2001-10-06,46,1,1,Male,Blot
848,Susanne,Roy,2000-12-09,35,1,1,Female,Guilletdan
849,Suzanne,Faure,1994-05-18,99,7,6,Female,Saint AugustinBourg
850,Patrick,Garnier,2001-09-27,41,1,1,Male,Lebreton
851,Daniel,Jourdan,2005-04-12,20,2,0,Male,Lenoir
852,Susanne,Garcia,2008-04-07,84,6,6,Female,Allardnec
853,Benoît,Laporte,1994-12-01,89,2,1,Male,Bailly-sur-Mer
854,Margaud,Texier,2000-09-11,84,9,2,Female,Coulon-sur-Verdier
855,Olivier,Briand,2005-12-04,72,3,3,Male,Antoine
856,Chantal,Chevallier,1998-11-26,4,2,2,Female,Gauthier
857,Robert,Moulin,2004-01-23,51,9,2,Male,Sainte Bernard
858,Roger,Hebert,2008-04-15,2,0,0,Male,Lopez
859,Hugues,Masson,2004-11-03,1,7,4,Male,Pinto
860,Benoît,Ferreira,2005-08-05,55,8,3,Male,Sainte Antoinettenec
861,Marcelle,Letellier,1995-03-22,8,8,4,Female,Barthelemy
862,Auguste,Peron,2005-04-18,95,8,5,Male,Clément
863,Vincent,David,1994-10-24,17,7,2,Male,Techer
864,Margaux,Lévêque,2006-05-10,54,5,1,Female,Joubert-sur-Gomez
865,Éléonore,Joubert,1997-03-27,41,0,0,Female,DumontBourg
866,Auguste,Lesage,2007-10-04,33,6,0,Male,Pereznec
867,Caroline,Bonneau,1995-02-11,82,0,0,Female,Leducboeuf
868,Noémi,Rodriguez,2000-11-26,6,2,2,Female,Gay
869,Stéphane,Jacquot,2001-10-06,75,5,0,Male,Duval
870,Gabriel,Henry,1998-08-18,47,5,4,Male,De Sousaboeuf
871,Audrey,Dupré,1998-07-22,48,8,7,Female,Sainte Lucas
872,Louis,Garcia,2002-03-10,4,2,1,Male,Chauveaunec
873,Éric,Rolland,1999-07-02,2,1,1,Male,Parent
874,Julie,Martin,2009-01-23,10,2,1,Female,Neveu-sur-Blanchet
875,Hortense,Marques,1993-08-24,27,5,5,Female,Sanchez
876,Jeannine,Charpentier,2002-04-02,34,1,1,Female,Pruvost
877,Camille,Da Silva,2003-03-24,69,9,8,Female,ChauvetBourg
878,Louis,Lemaître,2001-11-01,43,6,3,Male,De Oliveira
879,Benjamin,Collet,1996-10-21,26,3,2,Male,LaporteBourg
880,Michelle,Lévêque,1993-05-07,7,7,4,Female,Sainte Margotnec
881,Amélie,Weiss,2003-08-22,53,6,4,Female,Roussel
882,Michèle,Bonneau,2000-11-13,43,4,2,Female,Pierreboeuf
883,Denis,Durand,1999-08-26,70,1,1,Male,Saint Philippine
884,Gilbert,De Sousa,2007-11-14,61,8,7,Male,Laporte
885,Benoît,Pereira,1999-02-16,5,1,1,Male,Sainte Christelle
886,Gérard,Pascal,2008-07-30,81,8,7,Male,Lenoir-sur-Mer
887,Emmanuel,Garnier,2006-07-19,6,10,5,Male,Perrier
888,Claudine,Dubois,2006-05-15,18,9,5,Female,Gaillard-sur-Lemaire
889,Yves,De Oliveira,1997-10-01,68,1,1,Male,RocherVille
890,Nathalie,Gilles,1998-03-07,65,5,2,Female,Besson-les-Bains
891,William,Lemoine,2003-12-17,86,8,6,Male,Martineau
892,Corinne,Mercier,1998-04-13,100,5,5,Female,Lenoir
893,Mathilde,Diallo,2001-02-16,87,3,3,Female,Delahaye-sur-Bourgeois
894,Arnaude,Leclercq,2008-07-05,39,9,9,Female,TurpinBourg
895,Bernard,Lacroix,2006-06-10,49,3,0,Male,Sainte Adélaïdedan
896,Christelle,Gauthier,1994-07-02,63,10,10,Female,Antoinenec
897,Rémy,Picard,2008-12-25,15,2,0,Male,Laine
898,Michelle,Barbe,1993-07-15,33,9,0,Female,Saint Susan
899,Éric,Benard,2002-12-07,35,10,0,Male,Morindan
900,Clémence,Mahe,2007-06-09,46,9,1,Female,Chevalier
901,Sébastien,Couturier,2005-11-09,4,5,2,Male,Noël-sur-Mer
902,Corinne,Navarro,1999-06-12,30,10,7,Female,Sanchez
903,Marcel,Maillard,1994-01-03,23,10,8,Male,Bouvet
904,Océane,Clerc,1995-02-05,78,3,1,Female,Grenier
905,Adrienne,Mahe,1996-01-23,54,9,9,Female,Andre-sur-Bonnin
906,Louis,Fernandes,1997-08-26,82,6,5,Male,Courtois
907,Laurent,Roger,2007-01-04,86,2,0,Male,Moreno-les-Bains
908,Daniel,Navarro,2006-08-17,50,9,2,Male,Mercier
909,Alexandre,Pelletier,2005-10-19,52,3,3,Male,Sainte Sébastien-les-Bains
910,Honoré,Michaud,2006-02-05,91,8,6,Male,Langlois-les-Bains
911,Adrienne,Marques,2002-05-22,38,0,0,Female,Allard
912,Nath,Maillot,2004-02-11,59,6,4,Female,Guyon
913,Michelle,Hernandez,1997-09-05,73,4,2,Female,Barbier
914,Alphonse,Gomes,2006-10-14,85,7,1,Male,Faivre
915,Alfred,Costa,2004-12-28,61,5,2,Male,Sainte Marguerite
916,Louis,Colas,2004-03-06,74,2,0,Male,Parent
917,William,Bonnet,2007-01-19,84,9,9,Male,Sainte Thibaut
918,Lorraine,Raynaud,2008-04-30,38,0,0,Female,Pineau-sur-Germain
919,Denise,Lemaître,2004-05-25,59,6,5,Female,Étiennedan
920,Marcel,Besson,1996-12-21,2,10,6,Male,Saint Augustin
921,Geneviève,Marie,2007-07-01,53,10,3,Female,Laroche-les-Bains
922,Marie,Pineau,1995-02-19,54,4,4,Female,Lecomte-les-Bains
923,Zoé,Legros,2005-05-09,26,10,10,Female,Perrin
924,Alix,Giraud,2002-04-07,92,3,3,Female,Foucher
925,Édouard,Perez,2006-12-14,18,9,7,Male,Saint Constance-sur-Mer
926,Constance,Delattre,2001-10-16,37,0,0,Female,Antoine
927,Hélène,Prévost,2004-09-22,16,8,6,Female,Parent
928,Christelle,Maillot,1996-08-14,88,5,3,Female,Sainte Susanne-sur-Mer
929,Lucie,Boutin,1993-06-13,26,1,0,Female,Saint Stéphanie-les-Bains
930,Michel,Boulanger,2004-10-16,57,10,3,Male,Lagarde
931,Noël,Dupont,1999-06-10,28,0,0,Male,Diaz
932,Rémy,Thierry,2007-02-21,53,5,1,Male,Pereira
933,Édith,Launay,1995-02-20,89,8,1,Female,Jacobnec
934,Éric,Weiss,2002-03-05,100,6,4,Male,Roche
935,Guillaume,Coste,2005-03-01,52,7,6,Male,CosteVille
936,Monique,Teixeira,1994-08-08,19,0,0,Female,Saint Marguerite
937,Thierry,Lévy,2002-03-29,18,4,1,Male,Thierry
938,Danielle,Pascal,2003-05-16,22,1,1,Female,Ramos
939,Emmanuel,Techer,2001-04-02,16,0,0,Male,Vaillant
940,René,Perrin,1996-02-25,37,4,1,Male,Sainte Édouard-les-Bains
941,Pauline,Charpentier,2000-06-02,66,8,2,Female,Duval
942,Victor,Laine,1995-06-04,24,2,2,Male,Chauvin-les-Bains
943,Christine,Raymond,2008-07-31,57,6,6,Female,Ollivier
944,Patricia,Bonnin,2005-07-20,46,2,0,Female,Bouvet
945,Charles,Lebreton,1999-11-03,29,1,0,Male,Robert
946,Julien,Bailly,2007-01-29,24,4,3,Male,Bailly-la-Forêt
947,Julien,Maurice,1999-05-25,56,3,0,Male,Hernandez-sur-Colas
948,Claudine,Prévost,1994-06-30,65,0,0,Female,Lebreton
949,Susanne,Lamy,1998-05-09,39,7,1,Female,Klein
950,Marc,Joubert,1999-09-22,14,4,1,Male,Sainte Alphonse-sur-Mer
951,Émilie,Lambert,2002-01-03,42,9,8,Female,Schneider-les-Bains
952,Richard,Mallet,2007-05-07,38,0,0,Male,Saint Christelle
953,Joséphine,Collet,2004-08-12,66,2,2,Female,Saint Antoine-la-Forêt
954,René,Ribeiro,2004-03-05,49,8,5,Male,Breton
955,Yves,Cousin,2004-10-10,3,2,2,Male,Berthelotdan
956,Gabrielle,Léger,2004-10-17,82,2,0,Female,Rousseau
957,Antoine,Costa,1998-05-08,21,10,9,Male,Payet-la-Forêt
958,Alice,Monnier,1999-11-19,38,7,5,Female,SchmittBourg
959,Anastasie,Pineau,2000-04-02,33,0,0,Female,Lombard-sur-Pruvost
960,Nathalie,Becker,1996-08-11,53,1,1,Female,Pelletier-les-Bains
961,Nath,Albert,2000-08-21,77,6,3,Female,Merleboeuf
962,Bernard,Leduc,2007-03-23,37,1,1,Male,Colin-sur-Delmas
963,Rémy,Marchand,2004-12-21,52,4,3,Male,Gosselin
964,Édouard,Fabre,2004-01-03,56,7,3,Male,Schneiderboeuf
965,Rémy,Guérin,1998-03-07,37,1,1,Male,Imbert
966,Thibaut,Leblanc,1996-11-13,69,4,0,Male,Bigotnec
967,Thérèse,Dumont,2000-02-06,66,0,0,Female,Charpentier
968,Roland,Renard,2006-05-18,50,3,0,Male,Loiseau-sur-Gonzalez
969,Vincent,Lesage,2004-06-04,87,10,4,Male,Cordier
970,Zoé,Charpentier,1995-06-30,80,10,7,Female,Sainte Valentineboeuf
971,Yves,Peltier,2004-03-19,13,4,0,Male,Guyon
972,Richard,Moreau,1996-04-15,13,2,2,Male,Saint Lucas-sur-Mer
973,Claude,Toussaint,2000-08-24,78,1,1,Female,Charrier
974,Marcel,Delmas,1995-04-29,67,7,5,Male,RocherBourg
975,Gabriel,Bonneau,1998-08-10,85,7,2,Male,Bodin
976,Mathilde,Sauvage,2003-11-01,7,5,0,Female,Sainte Cécile
977,Thibault,Mace,1996-08-27,6,9,8,Male,Thibault
978,Jeanne,Imbert,2007-11-09,70,2,1,Female,LefebvreVille
979,Christiane,Diaz,2004-01-01,72,6,2,Female,Andre-les-Bains
980,Guillaume,Mahe,1995-04-11,64,4,4,Male,Dumas
981,Antoine,Petit,2008-03-30,18,10,10,Male,Renaud
982,Colette,Pierre,2004-03-08,33,6,4,Female,Léger
983,Antoine,Valentin,2003-11-05,56,7,0,Male,Neveu
984,Claire,Morel,2005-03-21,62,9,0,Female,Sainte VéroniqueBourg
985,Paul,Labbé,2000-01-20,51,0,0,Male,Saint Margaux
986,Claire,Boutin,2001-09-28,53,0,0,Female,Lacroixboeuf
987,Roland,Lenoir,1996-06-26,42,4,0,Male,Lucasnec
988,Michelle,Lévy,2001-12-21,96,9,4,Female,Bègue-sur-Perrier
989,Jean,Huet,2002-04-04,12,9,3,Male,Vaillant
990,Élise,Cohen,1993-10-13,19,7,5,Female,Chauvet
991,Thibault,Lelièvre,2005-05-06,27,0,0,Male,Saint Louisenec
992,Eugène,Cohen,2003-01-24,82,10,1,Male,Sainte Élodie
993,Guy,Morel,2004-11-20,24,5,0,Male,Saint Marcelle
994,Pierre,Gérard,2007-09-19,69,2,2,Male,Lecomte
995,Frédéric,Prévost,2001-08-04,89,9,8,Male,Devaux
996,Marie,Lopez,2000-12-09,40,0,0,Female,Tanguy
997,Capucine,Roussel,2007-06-08,96,6,1,Female,Torres-sur-Normand
998,Tristan,Imbert,2006-06-19,59,5,4,Male,Joubert
999,Sébastien,Chauvin,2008-01-02,62,0,0,Male,Sainte Guynec
